;station;train_mse;test_mse;max_depth;ntrees
0;SKBO;0.05514434811773902;0.05574605880578079;6;100
1;SKBG;0.1059795742573608;0.16120092821327148;8;100
2;SKCL;0.09073080227755502;0.13342541367519795;10;100
3;SKCC;0.01938964349613711;0.037881960044188444;10;100
4;SKCG;0.05932776931710307;0.05468260322594556;3;100
5;SKPE;0.05630010004852551;0.07566333527847802;7;100
6;SKSP;0.016162598882897485;0.0076348318698975445;3;100
7;SKSM;0.00498167848438381;0.01563496984496781;1;100
8;SKMR;0.04312114364701129;0.045694423529740076;5;100
