;station;train_mse;test_mse;max_depth;ntrees
0;SKBO;0.055168510934494645;0.05588733431143696;6;100
1;SKBG;0.09767922923259409;0.16151815037719192;9;100
2;SKCL;0.0907896808843652;0.13317957703550387;10;100
3;SKCC;0.022328807256376055;0.03856411260193158;9;100
4;SKCG;0.05932439340212672;0.05467636375615454;3;100
5;SKPE;0.05632099154550497;0.07631823944356865;7;100
6;SKSP;0.01616281165205371;0.007647652934868821;3;100
7;SKSM;0.004981268824352939;0.015633882272189044;1;100
8;SKMR;0.043104786542896546;0.04552872113082626;5;100
