;station;train_mse;test_mse;max_depth;ntrees
0;SKBO;0.39171282511923616;0.41925593435930736;7;100
1;SKBG;1.0244591367959361;1.2727298329734726;4;100
2;SKCL;0.32231720416736054;0.6475516833716191;10;100
3;SKCC;0.35210947395732106;0.3271247546978293;7;100
4;SKCG;0.17978848687775917;0.17866234621937632;6;100
5;SKPE;0.6149944101940961;0.8119916949284794;8;100
6;SKSP;0.09810752633769196;0.05891168696912741;3;100
7;SKSM;0.20630097476851247;0.013083700484082876;1;100
8;SKMR;0.20820435662167883;0.2777414701526307;5;100
